事,男人,能够,透
但,头,部,受害者
这样,活,昨晚,力
这里,之后,同,炸弹
天,求,斯,踢
这么,变,办,联邦
那么,那儿,加,评委
么,里面,父母,客气
中,名,曾,其它
该,怎样,象,美好
帮,周,法,架
打,另,季,圣
见,心,玩笑,准
噢,定,小子,山
就是,于,强,名单
将,管,特,部落
车,跳,男孩,肯
时,动,伤,痛
呃,如此,怪,亲
一点,队,美元,教堂
起,无法,想法,皮
并,房子,纽约,爽
电话,听说,身,嘘
那样,睡,作,救命
那里,人们,大学,疯子
种,晚,加油,赛
之前,闭,怕,传
伙计,受,多久,乐队
手,全,记,高中
上帝,此,开枪,惊喜
女人,混蛋,声,利
今晚,杯,集,牌
哪里,信,店,女性
算,舞,酷,说谎
女孩,看来,付,黑人
成,美,派对,警方
跑,球,鬼,法国
早,查,犯,老天
美国,忘,祝,吉
,或,耶,惹
,第,命,酒店
,长官,介意,抽
,员,谋杀,之类
,喔,藏,王
,已,兴趣,常
,选,替,弹
,疯,飞,帐
,床,气,度
,令,小孩,排
,案子,毁,约翰
,酒,晚安,随
,歌,病,牛
,唱,线,瓶
,之间,神,吸
,学,操,傻瓜
,探,道,英里
,待,按,地狱
,变成,法官,自我
,句,自,唔
,生,局,祈祷
,极了,眼,编
,如,记住,战
,处,混,亚
,看上去,犯罪,戏
,间,白痴,爬
,糟,加入,赌
,进入,病人,舞台
,,案,配
,,词,语
,,尔,丝
,,超,开车
,,笔,仍
,,同性恋,器
,,好运,聊
,,面前,指纹
,,街,住手
,,区,娘
,,剩下,狂
,,杀死,拖
,,其,实验室
,,杀人,害
,,主,修
,,警官,恶魔
,,自杀,舞会
,,同样,急
,,岛,风
,,足够,罗
,,鸡,家族
,,养,饭
,,之一,脑
,,因,烦
,,约,今年
,,家人,调
,,烧,意大利
,,停止,起诉
,,清,长大
,,婊子,类
,,演,尿
,,最终,屎
,,大人,陪审团
,,罪,左
,,女朋友,海
,,躲,吸血鬼
,,为何,普通
,,要么,天使
,,逼,落
,,轮,录
,,通,队长
,,蛋,日本
,,入,具
,,洛杉矶,墨西哥
,,杀手,旅馆
,,封,邪恶
,,证人,追踪
,,射,塞
,,蠢,好莱坞
,,未,女生
,,德,挑
,,达,招
,,钟,炸
,,垃圾,流
,,男朋友,权
,,肉,压
,,测试,烤
,,金,圣诞节
,,有时候,人民
,,城,小组
,,晚餐,分子
,,脑子,白人
,,见鬼,黑暗
,,秀,稍
,,服务,仅
,,汽车,结
,,单,扯
,,哥们,晚饭
,,英国,呐
,,笨蛋,全都
,,投,打赌
,,玩意,冒
,,及,伦敦
,,屁,至
,,法庭,特工
,,拯救,镇
,,,停车
,,,奖
,,,雇
,,,冰
,,,回头
,,,若
,,,应
,,,饼
,,,队员
,,,电
,,,搜查
,,,神父
,,,之中
,,,火车
,,,逃跑
,,,灵
,,,控
,,,拍摄
,,,年轻人
,,,表
,,,大街
,,,箱子
,,,耶稣
,,,红色
,,,骗子
,,,货
,,,油
,,,留言
,,,熊
,,,值
,,,大脑
,,,共
,,,指控
,,,星球
,,,录像
,,,今
,,,怪物
,,,杀害
,,,内心
,,,大多数
,,,汤姆
,,,咪
,,,纸
,,,午餐
,,,据
,,,午饭
,,,歌曲
,,,兰
,,,英尺
,,,屋
,,,迷
,,,有的
,,,船长
,,,撒
,,,歌手
,,,烟
,,,魔
,,,美女
,,,毒
,,,讲话
,,,莱
,,,摔
,,,团队
,,,罢了
,,,德国
,,,大部分
,,,分享
,,,保安
,,,变态
,,,所谓
,,,印
,,,华盛顿
,,,姐妹
,,,维
,,,症
,,,查理
,,,宝宝
,,,蓝色
,,,鬼魂
,,,前进
,,,乔治
,,,牧师
,,,代
,,,登
,,,杂种
,,,雨
,,,警长
,,,受害人
,,,伤口
,,,魔法
,,,独自
,,,麦克
,,,女孩子
,,,强大
,,,分开
,,,佬
,,,检察官
,,,好看
,,,机器人
,,,打败
,,,科
,,,巴黎
,,,绑
,,,诺
,,,林
,,,拼
,,,好玩
,,,早餐
,,,唯
,,,弗兰克
,,,击
,,,埋
,,,男友
,,,解
,,,牙
,,,闹
,,,美金
,,,夜晚
,,,露
,,,单身
,,,女王
,,,波
,,,失陪
,,,药物
,,,狼
,,,模
,,,女友
,,,大麻
,,,比尔
,,,运
,,,邮件
,,,明
,,,史
,,,妮
,,,英语
,,,干活
,,,鞋子
,,,陛下
,,,胜
,,,箱
,,,血液
,,,大卫
,,,味
,,,保佑
,,,在场
,,,需
,,,体
,,,上尉
,,,谎言
,,,葬礼
,,,拜
,,,婚
,,,城里
,,,委员会
,,,盘
,,,图
,,,议员
,,,订
,,,餐馆
,,,罗马
,,,部队
,,,背后
,,,装置
,,,三明治
,,,棒球
,,,费
,,,河
,,,保
,,,扇
,,,注意力
,,,签名
,,,海滩
,,,泡
,,,描述
,,,神像
,,,医疗
,,,袋
,,,隐藏
,,,治
,,,车子
,,,阁下
,,,当作
,,,工
,,,许
,,,文
,,,犹太人
,,,提要
,,,期
,,,贴
,,,启动
,,,哟
,,,建
,,,木
,,,练
,,,加州
,,,迪
,,,码
,,,丹
,,,伊
,,,夏天
,,,证
,,,母
,,,麦
,,,作证
,,,好笑
,,,说法
,,,恋
,,,谋杀案
,,,当成
,,,经
,,,惨
,,,飞行
,,,老公
,,,注
,,,言
,,,忍
,,,市长
,,,男生
,,,之内
,,,犯人
,,,名人
,,,海军
,,,纹
,,,剪
,,,判
,,,车祸
,,,早晨
,,,辈子
,,,爆
,,,托
,,,礼拜
,,,监控
,,,拍照
,,,彼得
,,,做爱
,,,非洲
,,,警报
,,,出局
,,,面试
,,,盒
,,,迈阿密
,,,钱包
,,,贱人
,,,粉丝
,,,级
,,,走运
,,,吸毒
,,,食
,,,手段
,,,农场
,,,口袋
,,,印度
,,,黄
,,,嫌犯
,,,行李
,,,玛丽
,,,地板
,,,悲伤
,,,尖叫
,,,小丑
,,,剧
,,,演唱
,,,唱片
,,,骑士
,,,载
